<?xml version="1.0" encoding="UTF-8"?>
<project-private xmlns="http://www.netbeans.org/ns/project-private/1">
    <editor-bookmarks xmlns="http://www.netbeans.org/ns/editor-bookmarks/2" lastBookmarkId="0"/>
    <open-files xmlns="http://www.netbeans.org/ns/projectui-open-files/2">
        <group>
            <file>file:/C:/Users/Igmar/Desktop/AXA_Siniestros/assets/css/parte_2.css</file>
            <file>file:/C:/Users/Igmar/Desktop/AXA_Siniestros/assets/js/ctrl_index.js</file>
            <file>file:/C:/Users/Igmar/Desktop/AXA_Siniestros/index.html</file>
            <file>file:/C:/Users/Igmar/Desktop/AXA_Siniestros/assets/css/style.css</file>
        </group>
    </open-files>
</project-private>
